Page URL,Error Text,Suggestion(s),Message,Entity Type
https://sheetal.net/,FatShe,"Fat She, FatS he",Possible spelling mistake found.,ORG
https://sheetal.net/,SKYWING,"SKEWING, SKYING, SKYPING",Possible spelling mistake found.,
https://sheetal.net/,FatShe,"Fat She, FatS he",Possible spelling mistake found.,ORG
https://sheetal.net/,FatShe,"Fat She, FatS he",Possible spelling mistake found.,ORG
https://sheetal.net/,a,an,"Use “an” instead of ‘a’ if the following word starts with a vowel sound, e.g. ‘an article’, ‘an hour’.",
https://sheetal.net/,FatShe,"Fat She, FatS he",Possible spelling mistake found.,ORG
https://sheetal.net/,",",",","Put a space after the comma, but not before the comma.",
https://sheetal.net/,",",",","Put a space after the comma, but not before the comma.",
https://sheetal.net/,2 nd,2nd,Did you mean “2nd”?,CARDINAL
https://sheetal.net/,Kapil,"Kail, Kamil",Possible spelling mistake found.,ORG
https://sheetal.net/,Vihar,"Vicar, Bihar, Vidar",Possible spelling mistake found.,ORG
https://sheetal.net/packers-and-movers-bangalore.php,SKYWING,"SKEWING, SKYING, SKYPING",Possible spelling mistake found.,
https://sheetal.net/packers-and-movers-bangalore.php,Debu,"Debut, Debt, Debug, Debs, Zebu, DBU, DEB, DEU, EBU, Deb",Possible spelling mistake found.,
https://sheetal.net/packers-and-movers-bangalore.php,required,require,The modal verb ‘would’ requires the verb’s base form.,
https://sheetal.net/packers-and-movers-bangalore.php,an,and,Did you mean “and”?,
https://sheetal.net/packers-and-movers-bangalore.php,sets,"sets', set's",An apostrophe may be missing.,
https://sheetal.net/packers-and-movers-bangalore.php,outsource,"outsourced, been outsourcing, to outsource",The inflection of the verb “outsource” seems to be incorrect here.,
https://sheetal.net/packers-and-movers-bangalore.php,and,", and",Use a comma before ‘and’ if it connects two independent clauses (unless they are closely connected and short).,
https://sheetal.net/packers-and-movers-bangalore.php,and,", and",Use a comma before ‘and’ if it connects two independent clauses (unless they are closely connected and short).,
https://sheetal.net/packers-and-movers-bangalore.php,and,", and",Use a comma before ‘and’ if it connects two independent clauses (unless they are closely connected and short).,
https://sheetal.net/packers-and-movers-bangalore.php,recommend to choose,recommend choosing,The verb ‘recommend’ is used with the gerund form.,
https://sheetal.net/packers-and-movers-bangalore.php,, ,It seems like there are too many consecutive spaces here.,
https://sheetal.net/packers-and-movers-bangalore.php,is,"are, was, were","With the plural noun ‘movers’, the verb inflection ‘is’ is not correct.",
https://sheetal.net/packers-and-movers-bangalore.php,I,"Furthermore, I, Likewise, I, Not only that, but I",Three successive sentences begin with the same word. Consider rewording the sentence or use a thesaurus to find a synonym.,
https://sheetal.net/packers-and-movers-bangalore.php,, ,It seems like there are too many consecutive spaces here.,
https://sheetal.net/packers-and-movers-bangalore.php,"""",No suggestion,"Unpaired symbol: ‘""’ seems to be missing",
https://sheetal.net/packers-and-movers-bangalore.php,, ,It seems like there are too many consecutive spaces here.,
https://sheetal.net/packers-and-movers-bangalore.php,“,"“ ,  “",Don’t put a space on both sides of a quote symbol.,
https://sheetal.net/packers-and-movers-bangalore.php,“,No suggestion,Unpaired symbol: ‘”’ seems to be missing,
https://sheetal.net/packers-and-movers-bangalore.php,and,", and",Use a comma before ‘and’ if it connects two independent clauses (unless they are closely connected and short).,
https://sheetal.net/packers-and-movers-bangalore.php,, ,It seems like there are too many consecutive spaces here.,
https://sheetal.net/packers-and-movers-bangalore.php,is,"are, was, were","With the plural noun ‘movers’, the verb inflection ‘is’ is not correct.",
https://sheetal.net/packers-and-movers-bangalore.php,ensure,ensures,"After ‘it’, use the third-person verb form “ensures”.",
https://sheetal.net/packers-and-movers-bangalore.php,so,", so",Use a comma before ‘so’ if it connects two independent clauses (unless they are closely connected and short).,
https://sheetal.net/Best-Packers-Movers.php,FatShe,"Fat She, FatS he",Possible spelling mistake found.,ORG
https://sheetal.net/Best-Packers-Movers.php,SKYWING,"SKEWING, SKYING, SKYPING",Possible spelling mistake found.,
https://sheetal.net/Best-Packers-Movers.php,FatShe,"Fat She, FatS he",Possible spelling mistake found.,ORG
https://sheetal.net/Best-Packers-Movers.php,FatShe,"Fat She, FatS he",Possible spelling mistake found.,ORG
https://sheetal.net/Best-Packers-Movers.php,house hold,household,The word “household” is normally spelled as one word.,
https://sheetal.net/Best-Packers-Movers.php,pune,"Pune, June, punk, pure, tune, pine, pun, punt, dune, pane, puns, rune, prune, puke, puny, pone, puce, pule, PNE, PUN, Pine, Pyne, lune, one, due, fine, line, use, run, sure, done, gone, nine, pub, put, rule, runs, gun, guns, huge, none, page, phone, plane, wine, zone, Duke, Pope, bone, fun, fund, gene, lane, mine, panel, pole, pull, push, sun, sung, tone, tube, Anne, Jane, Lane, aunt, cone, cure, duke, hung, hunt, lung, pace, pale, pan, pen, pin, pink, pipe, pond, pope, pose, pound, prone, pulse, pump, puts, sunk, tunes, Gene, Hunt, Kane, Luke, Page, Penn, Pete, cane, cube, cue, dunes, funk, fuse, lone, lure, nun, nuns, pie, pile, pins, pubs, pulp, punch, purse, spine, spun, sue, tuned, vine, Jun, Jung, Juno, Luna, Payne, Pike, Pole, René, SUNY, Sue, Tyne, UNC, cute, hue, junk, lute, mule, mute, ounce, pans, pause, pence, pens, pike, pines, plume, plunge, pony, pore, puck, punter, purge, rude, rue, runes, ruse, sine, tuna, CUNY, Dane, Duane, Hume, Hung, Jude, Lund, Muse, PNC, PNG, PNP, Pace, Paine, Peña, Ponce, Pound, Puget, Punch, Rene, Sung, Suns, UE, Una, acne, bun, bunk, dine, dunk, hone, jute, mane, muse, panes, pave, ping, pint, poke, pong, puff, punks, punts, pups, putt, pyre, rung, sane, tuner, vane, wane, Arne, CNE, Cuneo, Luce, Ouse, PGE, PNA, PNL, PNS, PSE, PTFE, PUC, Pepe, Pugh, Pyle, Yule, Zane, bane, buns, bunt, dude, fume, luge, pent, pruned, punted, pup, pupa, pupae, purer, purine, pus, suns, Burne, Lunt, Lupe, NNE, PNM, Pate, Pele, Pena, Punic, Rube, UNB, UNEF, Zuni, cine, dunce, dupe, gunge, hunk, lunge, luxe, mung, nuke, opine, pant, pounce, prunes, pug, puma, tine, tung, Aube, Pusey, bung, duns, lube, paned, pang, pare, pate, peen, pined, punky, puree, purl, purr, purée, pâté, runt, spunk, Apure, Duse, dyne, gunk, lunes, piney, prude, pugs, puss, tuns, yule, fane, piny, plunk, puked, punned, erne, funs, panne, peke, pend, ponce, pruner, pukes, punnet, spume, Junes, pones, ANE, AUE, AUN, Aude, BNE, BUE, Bene, Bute, CCNE, CPNE, CUPE, Duna, Dunn, Dunne, ENE, EUN, Eure, FNE, GUE, Gunn, HNE, Hue, Hun, Huns, ICNE, INE, JNE, Jute, Kun, Kure, Kühne, LNE, Line, Lunn, Lünen, MNE, MVNE, Munn, Mure, NE, NUPE, Ne, Nunes, Nuñez, Núñez, ONE, PAE, PAN, PBN, PCE, PCIE, PCIe, PCN, PE, PEE, PEN, PENS, PFE, PFN, PFNL, PG&E, PGCE, PGN, PHE, PIE, PIME, PIN, PIRE, PLE, PLN, PME, PMN, PNB, PND, PNEC, PNF, PNH, PNI, PNK, PNN, PNNS, PNR, PNT, PNUE, PNV, PNW, POE, POKE, PON, PPE, PPN, PPRE, PPTE, PRE, PRN, PSN, PSNA, PSQE, PTE, PU, PUA, PUAS, PUBG, PUBP, PUD, PUF, PUG, PUL, PUM, PUP, PUPD, PUQ, PUR, PUS, PUV, PXE, Pan, Pape, Pelé, Pen, Pence, Peng, Pines, Poe, Pond, Pu, Puente, Pula, Puri, Purse, Pus, Pyke, QNE, Que, Quine, RNE, RUN, Rude, SNE, SRNE, SUSE, Sun, TNE, TUN, UAE, UFE, UGE, UN, UND, UNF, UNH, UNI, UNL, UNM, UNO, UNR, UNT, UNV, UPE, URE, USE, Ute, Uwe, VNE, WINE, bine, dun, dung, eyne, kine, nude, nunc, né, orné, pe, pee, penes, penne, pisé, plié, pons, pre, pubes, puces, puisne, puled, pules, punic, punier, punker, punner, puses, putz, pwn, pwned, pwns, père, sone, suni, tun, uni, zine, Pink, Puma, Vue",Possible spelling mistake found.,
https://sheetal.net/Best-Packers-Movers.php,Surender,"Surrender, Su render",Possible spelling mistake found.,GPE
https://sheetal.net/Best-Packers-Movers.php,They,"Furthermore, they, Likewise, they, Not only that, but they",Three successive sentences begin with the same word. Consider rewording the sentence or use a thesaurus to find a synonym.,
https://sheetal.net/Best-Packers-Movers.php,house hold,household,The word “household” is normally spelled as one word.,
https://sheetal.net/Best-Packers-Movers.php,in best,in the best,A determiner may be missing.,
https://sheetal.net/Best-Packers-Movers.php,ACs,"AC's, AC, ACS, As, Act, Acts, Ads, PCs, Ace, ACM, Aces, Arcs, APS, CCS, FCS, ICS, MCs, OCS, RCS, TCS, Sacs, ACU, AGS, AHS, JCS, LCS, PACs, SCS, ABCs, ACD, ACG, ACH, VCS, Abs, Lacs, ACAS, Macs, AACS, AAS, AAs, ABS, ACA, ACB, ACC, ACE, ACF, ACI, ACJ, ACK, ACKs, ACL, ACLS, ACLs, ACMs, ACN, ACO, ACP, ACR, ACSC, ACST, ACT, ACTs, ACV, ACW, ACX, ACY, ACZ, ACh, ADS, AES, AFS, AGCS, AGs, AIS, AIs, AJS, AKS, ALCS, ALS, AMS, ANS, AOS, APs, AQS, AS, ASS, ATS, AUS, AVS, AVs, AWS, AXS, AYS, AZS, Ac, Acis, Aus, BCS, CAS, CCs, CS, Cs, DCS, ECS, FACS, FCs, GCS, GCs, HCS, HCs, MACS, MCS, NCS, PACS, PCS, UCS, VCs, WCS, Acc, Ack, Ais, Ans, Ass, Axs, Pcs, A Cs, A/cs, A, And, Is, Was, At, His, An, Any, Are, Has, All, Back, Age, Each, Its, Us, Yes, Air, Art, Days, Race, Also, Arms, Cars, Face, Fact, Fans, Gas, Lack, Mass, Pass, Races, Says, BC, CD, Los, Acid, Add, Ago, Aid, Am, Arm, Arts, Bass, Bus, Cm, Ice, Laws, Ways, AIDS, Jack, PC, Acres, Ad, Ages, Aims, Ask, Asks, Axis, Bars, Faces, Maps, Vs, Wars, AFC, CDs, FCC, Mac, Mrs, Acids, Acre, Adds, Airs, Aka, Arc, Arch, Ash, Backs, Bats, Caps, Cats, Ears, Facts, Lacks, Laps, Pace, Pack, Pays, Rats, Rays, Ups, CSS, GPS, Hans, ICT, LCD, MCC, Mars, NHS, PCI, SAS, Aft, Aids, Ants, Ate, Axes, Bags, Bays, Cans, Cf, Dams, Eats, Gaps, Hats, Labs, Las, Lays, Lbs, Packs, Pact, Pads, Rack, Sack, Sacks, Tags, ADC, ADP, AF, ANSI, AOL, APA, APC, APIs, ATC, ATM, ATV, Alps, Amos, Ana, BBS, Bach, CAA, CCC, CCD, CNS, CSA, CSI, CSU, CSX, CV, DNS, EPs, FRS, GC, GCSE, Gus, ICU, INS, IRS, JC, LPs, Laos, Mack, Oct, PAC, PCB, PCC, QC, RMS, RSS, RTS, SBS, SCSI, SDS, SMS, SOS, TCP, UCI, Ale, Amp, Ant, Ape, Apes, Apse, Apt, Aux, Awe, Bans, Eds, Fats, Gags, Gays, Hack, Icy, Jams, Jars, Jaws, Lace, Mats, Oaks, Pans, Pas, Racks, Sac, Sans, Sci, Vans, AAU, ACLU, ADR, ADSL, AEC, AEG, AIA, AIF, AIG, AMX, APG, ARCA, ARL, ARP, ASB, ASD, Abe, Ada, Adi, Ames, Ares, Asus, Aug, Ava, Axe, Ayr, CAC, CCA, CCI, CCP, CFS, CQ, CSC, CSF, CSL, CSP, CSR, CST, CTS, CVS, CX, Cass, DAC, DCC, DCI, DMS, DSS, DTS, ECG, FBS, GCB, GCC, GCE, Haas, Hays, IAS, ICL, ICP, IDs, ILS, IPS, KBS, LCC, Lars, MCG, MCP, MTS, Mach, Mays, NAC, NACA, NCA, NCO, NCR, NPCs, NPS, OAS, PCBs, PCM, PCP, PDS, PRS, RAC, RCD, RCN, RDS, SARS, SCC, Sachs, TAC, TCU, TFS, TLS, TVs, UCL, UCSD, UPS, VCR, VMS, WAC, WC, WCBS, WS, Waco, Zach, Zack, Acne, Ah, Alms, Amps, Ark, Avg, Cabs, Cams, Hacks, Jacks, Jays, Lads, Mace, Ms, Oars, Oats, Ops, Paces, Paws, Rags, Rams, Raps, Saws, Tabs, Tack, Taps, AAT, ABM, ACTH, AD, ADD, ADT, AEF, AFM, AFN, AGC, AIT, ALU, APD, APM, ARCO, ARF, ASN, ASSR, ATVs, AWACS, Alas, Ami, Apr, Ara, BCD, BDS, BMS, CAI, CCG, CCR, CFCs, CGS, CLS, CSD, CSG, CSO, CSV, CWS, DCE, DCL, DCM, DDS, ESS, FAC, FCA, FCI, GLS, HCA, HCC, HCl, HFS, HHS, HSS, IAC, IBS, ICJ, ICM, ICR, ICSE, IHS, IVs, JCB, JCR, LCA, LCI, LCL, LCR, LCT, Lacy, MBS, MCB, MCD, MCL, MDS, MMS, Maas, Macy, NBS, NCI, NFS, NLS, OCR, PMS, PNS, PSS, Paco, RCM, RCP, SACD, SLS, SRS, TCA, TCM, TCR, TSS, UAVs, UCA, UCAS, UCSB, UCSF, VCRs, Aches, Ales, Asp, Av, Ax, Aye, Cays, Dais, Fads, Hams, Jabs, Lac, Laces, Lags, Orcs, Pacts, Pals, Pars, Pts, Pus, Racy, Tact, Tics, Vats, Yams, ACTU, AGR, APB, APN, AQ, AUT, AZT, Avis, BRS, Babs, CCB, CCU, DCB, DCF, DLS, ECD, ERS, Emacs, FCB, FCE, FRCS, GCA, GDS, GMs, GRS, Hals, Hus, ICN, ICO, ICQ, IQs, JCC, JCI, JCL, JMS, KSS, LCM, LFS, LRS, LTS, MCE, MCF, MCO, MCR, MCT, MCU, MNS, PLCs, PVS, RCI, RFCs, RVs, SATs, SCU, TCAS, UCSC, WAIS, Ache, Aim, Auks, Cl, Dace, Dads, Fps, Ices, Lass, Maces, Mans, Mics, Pats, Secs, Tacks, Taco, Tacos, Yaks, ABMs, ACDA, AFO, Ade, Asch, Aves, CSH, DCD, DPs, DVS, FAQs, HDS, LGS, MNCs, RCH, SCCS, TCO, WAFS, Acme, Adj, Ado, Aga, Aha, Alp, Awl, Awls, Bps, Docs, Gals, Ifs, Mags, Naps, Nays, Pics, Sags, Saps, Sass, Sis, Tans, Tars, Wads, Wags, Zaps, AHQ, BKS, CACM, PMs, RAMs, TAWS, Acnes, Adv, Ail, Ails, Alls, Amu, App, Apps, Arks, Asst, Awns, Ayes, Dabs, Fas, Nags, Nus, Obs, Pct, Rads, Sos, Tams, Yaws, Acer, ODs, Aced, Achy, Agas, Albs, Asps, Baas, Cads, Caws, Daces, Ecu, Ecus, Ems, Haws, Maws, Nabs, Tats, Taus, Wans, Yaps, AAA, ABC, AMC, ATP, Abu, Ali, Amy, Ann, CBS, DJs, ECW, HMS, ICC, ICSH, LDS, MCA, MPs, OKs, PS, USS, Assn, Ave, Awes, Haps, Jct, Marcs, Ohs, Sics, Hts, Bahs, Fays, Gabs, Gads, Jags, Lams, Oafs, Talcs, 'S, 3Ds, A&A, A&D, A&M, A&P, A1, A10, A11, A12, A13, A14, A15, A16, A17, A18, A19, A2, A20, A21, A22, A23, A24, A25, A26, A27, A28, A29, A3, A30, A31, A32, A33, A34, A35, A36, A37, A38, A39, A4, A40, A41, A42, A43, A44, A45, A46, A47, A48, A49, A5, A50, A51, A52, A53, A54, A55, A56, A57, A58, A59, A60, A61, A62, A63, A64, A65, A66, A67, A68, A69, A70, A71, A72, A73, A74, A75, A76, A77, A78, A79, A80, A81, A82, A83, A84, A85, A86, A87, A88, A89, A90, A91, A92, A93, A94, A95, A96, A97, A98, A99, AA, AAAS, AAB, AAC, AACCS, AACL, AAD, AAE, AAF, AAG, AAH, AAI, AAJ, AAK, AAL, AAM, AAN, AAO, AAP, AAQ, AAR, AAV, AAW, AAX, AAY, AAZ, AB, ABA, ABB, ABD, ABDs, ABES, ABF, ABG, ABH, ABI, ABIS, ABJ, ABK, ABL, ABLS, ABN, ABO, ABP, ABQ, ABR, ABSA, ABT, ABU, ABV, ABW, ABX, ABZ, ACAA, ACAE, ACAT, ACCD, ACCM, ACDC, ACDI, ACFA, ACFAS, ACJE, ACLJ, ACMA, ACMC, ACNA, ACOG, ACOM, ACPI, ACRI, ACTA, ACTE, ACTP, ACVA, ACWA, ADA, ADB, ADBS, ADF, ADG, ADH, ADI, ADJ, ADK, ADL, ADLs, ADN, ADPS, ADQ, ADRs, ADSI, ADU, ADV, ADX, ADY, ADZ, AE, AEA, AEB, AED, AEE, AEI, AEJ, AEK, AEL, AEM, AEN, AEO, AEP, AEQ, AER, AESA, AEST, AESV, AET, AEU, AEV, AEW, AEX, AEZ, AFA, AFB, AFCA, AFCE, AFD, AFE, AFF, AFG, AFH, AFI, AFIS, AFJ, AFK, AFL, AFP, AFPS, AFQ, AFR, AFT, AFU, AFV, AFW, AFX, AFZ, AG, AGA, AGAs, AGB, AGCA, AGCT, AGD, AGE, AGF, AGG, AGH, AGI, AGJ, AGK, AGL, AGM, AGN, AGO, AGP, AGQ, AGT, AGU, AGV, AGW, AGX, AGY, AGZ, AH, AHA, AHB, AHC, AHCI, AHD, AHE, AHF, AHG, AHH, AHI, AHJ, AHK, AHL, AHM, AHN, AHO, AHR, AHSA, AHSI, AHT, AHU, AHV, AHW, AHX, AHY, AHZ, AI, AIB, AIBS, AIC, AICD, AID, AIE, AIH, AII, AIJ, AIK, AIM, AIO, AIP, AIQ, AISB, AISI, AIU, AIV, AIW, AIWS, AIX, AIY, AIZ, AJ, AJB, AJC, AJF, AJG, AJH, AJI, AJJ, AJK, AJL, AJN, AJO, AJP, AJQ, AJR, AJT, AJU, AJV, AJW, AJY, AK, AKB, AKC, AKD, AKE, AKF, AKG, AKJ, AKK, AKL, AKM, AKN, AKO, AKP, AKQ, AKR, AKT, AKU, AKV, AKX, AKY, AL, ALB, ALC, ALCM, ALD, ALE, ALF, ALG, ALH, ALJ, ALK, ALL, ALM, ALN, ALO, ALP, ALQ, ALR, ALT, ALUs, ALV, ALW, ALX, ALZ, AM, AMA, AMCAS, AMCB, AMCOS, AMD, AME, AMF, AMG, AMH, AMI, AMIS, AMJ, AMK, AML, AMLS, AMM, AMN, AMO, AMP, AMQ, AMR, AMSB, AMSL, AMSO, AMST, AMSW, AMT, AMU, AMV, AMW, AMY, AMZ, AN, ANB, ANC, AND, ANDs, ANE, ANF, ANG, ANH, ANI, ANJ, ANK, ANL, ANM, ANN, ANO, ANP, ANPS, ANQ, ANR, ANSM, ANT, ANTS, ANV, ANW, ANX, ANY, ANZ, AO, AOA, AOB, AOC, AOD, AOE, AOF, AOG, AOH, AOI, AOJ, AOK, AOM, AON, AOO, AOP, AOQ, AOR, AOSP, AOT, AOU, AOV, AOW, AOX, AP, APE, APF, APFS, APH, API, APJ, APK, APKs, APL, APNs, APO, APP, APQ, APR, APRS, APSA, APT, APU, APV, APW, APX, APY, APZ, AQA, AQB, AQC, AQF, AQG, AQH, AQI, AQK, AQL, AQM, AQP, AQR, AQT, AQY, AR, ARA, ARB, ARC, ARD, ARDS, ARE, ARH, ARI, ARJ, ARK, ARM, ARN, AROS, ARQ, ARR, ARSC, ARSI, ART, ARTS, ARU, ARV, ARW, ARX, ARY, ASA, ASC, ASE, ASF, ASG, ASGS, ASH, ASICS, ASICs, ASJ, ASK, ASL, ASM, ASOS, ASP, ASQ, ASR, ASSC, ASSE, AST, ASU, ASUS, ASV, ASW, ASX, ASY, ASZ, AT, AT3, ATA, ATB, ATD, ATE, ATF, ATG, ATH, ATI, ATK, ATL, ATMs, ATN, ATO, ATQ, ATR, ATT, ATU, ATW, ATX, ATY, ATZ, AU, AUA, AUC, AUD, AUE, AUF, AUG, AUI, AUJ, AUL, AUM, AUN, AUO, AUP, AUQ, AUR, AUU, AUW, AUX, AUY, AUZ, AV, AVA, AVB, AVC, AVE, AVF, AVG, AVH, AVI, AVK, AVL, AVM, AVN, AVO, AVP, AVR, AVSF, AVU, AVUS, AVV, AVW, AVX, AVY, AVZ, AW, AWA, AWB, AWC, AWD, AWE, AWF, AWG, AWK, AWM, AWN, AWP, AWR, AWST, AWU, AWZ, AX, AXA, AXB, AXC, AXD, AXG, AXK, AXL, AXM, AXN, AXP, AXR, AXV, AXX, AYA, AYC, AYD, AYE, AYG, AYH, AYI, AYJ, AYL, AYN, AYO, AYP, AYQ, AYR, AYU, AYY, AYZ, AZ, AZA, AZB, AZD, AZE, AZF, AZI, AZN, AZO, AZW, AZZ, Ab, Abi, Acol, Adas, Ag, Ahl, Ain, Al, Ald, Alt, Amis, Anas, Anu, Aon, Apis, Apo, Apus, Ar, Aras, Ard, Arp, Asa, Atos, Au, Aust, BAC, BACO, BAES, BAS, BCA, BCB, BCBS, BCC, BCE, BCF, BCG, BCH, BCI, BCJ, BCK, BCL, BCM, BCN, BCO, BCP, BCR, BCST, BCT, BCU, BCV, BCX, BCY, BCZ, BECS, BES, BFS, BFs, BGS, BHS, BICs, BIS, BJS, BJs, BLS, BNS, BOS, BPS, BRCS, BS, BSS, BTS, BVS, BWS, BXS, BYS, BZS, Bes, Bs, C, C3, CA, CAB, CACES, CAD, CAE, CAES, CAF, CAG, CAH, CAJ, CAK, CAL, CAM, CAN, CAP, CAQ, CASA, CASE, CASM, CAT, CATS, CAU, CAV, CAW, CAY, CB, CC, CC's, CCAS, CCDs, CCE, CCF, CCH, CCJ, CCK, CCL, CCM, CCN, CCO, CCQ, CCSD, CCSM, CCSP, CCSS, CCT, CCV, CCW, CCX, CCZ, CDS, CE, CES, CF, CG, CHS, CI, CICS, CIS, CJ, CJS, CK, CKS, CKs, CL, CM, CMS, CN, CO, CP, CPS, CQS, CR, CRS, CSE, CSM, CT, CTs, CVs, CW, CY, CZ, CZS, Ca, Cacus, Cb, Cd, Ce, Ci, Co, Cos, Cr, Cu, DACA, DACH, DAUs, DBCS, DBS, DC, DCA, DCK, DCN, DCO, DCP, DCR, DCT, DCU, DECs, DES, DFS, DGS, DHS, DJS, DMs, DOS, DPS, DRS, DS, DUS, Dans, Des, Dis, Ds, EAC, EACSO, EADS, EAS, EBS, EC, EC1, EC4, ECA, ECB, ECC, ECDs, ECE, ECI, ECJ, ECL, ECM, ECN, ECO, ECP, ECR, ECSC, ECT, ECTS, ECTs, ECU, EDS, EFS, EGS, EHS, EIS, ELS, EMCS, ENS, EOS, EPS, EQS, EQs, ES, ETS, EUS, EVS, EVs, EWS, EXS, EZS, Eck, Eos, Es, FACA, FACTS, FAS, FATs, FC, FCD, FCG, FCL, FCM, FCO, FCP, FCR, FCSM, FCU, FCW, FDS, FES, FFS, FHS, FIS, FLS, FMCS, FMS, FMs, FNCS, FNS, FOCs, FOS, FPS, FPs, FS, FSS, GAC, GACC, GAS, GBS, GCD, GCF, GCG, GCI, GCM, GCP, GCR, GCT, GCTs, GCU, GES, GFS, GGS, GHS, GIS, GIs, GMS, GNS, GS, GTS, Gans, Gs, H&S, HAC, HBS, HC, HCB, HCF, HCG, HCI, HCL, HCM, HCT, HES, HJS, HLS, HNS, HPS, HS, HTS, HVACs, HWs, Hos, Hs, I&S, IC, ICA, ICB, ICD, ICE, ICEs, ICF, ICH, ICI, ICTs, ICUs, IDS, IES, IFS, IGS, IIS, IMS, IMs, IOS, IPs, IS, ISS, ITS, IaaS, JAC, JBS, JCA, JCD, JCE, JCP, JHS, JLS, JS, JSCs, JWS, Japs, Jas, Jats, Jos, KC, KCB, KCC, KCL, KCSI, KCl, KDS, KES, KHS, KKS, KMS, KOS, KS, KTS, KWS, LABS, LACA, LACP, LACW, LC, LC9, LCF, LCH, LCN, LCP, LCSW, LCY, LDCs, LES, LHS, LLCs, LMS, LPS, LS, LSS, LVS, Lach, Lais, Les, MALS, MARS, MAS, MATS, MAUs, MAWS, MBCS, MC, MCAS, MCH, MCI, MCJ, MCK, MCM, MCPS, MCQ, MCQs, MCTS, MCX, MCZ, MDs, MES, MFS, MGS, MIS, MKS, MLS, MOS, MPS, MRS, MS, MSS, MUS, MWS, Macc, Machs, Mc, NACC, NACE, NADS, NAKs, NAS, NASS, NC, NCB, NCC, NCD, NCE, NCIS, NCL, NCM, NCP, NCQ, NCT, NCW, NCY, NDS, NGS, NOS, NRS, NS, NSS, NTS, NUS, NYS, OACI, OBS, OC, OCB, OCC, OCD, OCG, OCI, OCK, OCL, OCN, OCO, OCP, OCV, OCX, ODS, OFS, OGs, OICS, OMS, ONS, OPS, ORS, OS, OSS, OVS, OWS, Os, PAAs, PACA, PACES, PAES, PAPS, PARCs, PAS, PAs, PBS, PCA, PCD, PCE, PCF, PCG, PCIs, PCL, PCN, PCR, PCSI, PCT, PCU, PCUS, PCV, PES, PFS, PGS, PHS, PIS, PKCS, PKS, PLS, POCs, POS, PPS, PRs, PUS, PaaS, PoCs, QBs, QCM, RAMS, RAS, RBS, RC, RC5, RCA, RCB, RCC, RCF, RCK, RCR, RCW, RES, RFS, RGS, RHS, RIS, RLS, RNS, ROS, RPS, RRS, RS, RSCS, RTs, Rs, Rus, S, SAC, SADs, SALS, SAVS, SC, SC2, SCA, SCB, SCD, SCI, SCJ, SCL, SCM, SCN, SCO, SCP, SCR, SCRS, SCSS, SCV, SES, SFS, SGS, SHS, SIS, SNS, SOCS, SPACs, SPS, SQS, SS, SSS, STS, SUS, SaaS, Saks, Sc, SoCs, T&Cs, T&S, TAS, TASS, TBS, TC, TCC, TCD, TCF, TCG, TCH, TCHS, TCI, TCK, TCL, TCN, TCV, TCW, TDS, TECS, TES, TGS, THS, TIS, TJS, TKS, TMS, TNS, TOS, TPS, TQS, TRS, TS, TTS, TTs, TVS, TWS, TZS, Tais, Taos, Tc, ToS, UAC, UACP, UAS, UATs, UBS, UC, UCB, UCC, UCD, UCF, UCM, UCP, UCR, UCSA, UCT, UCU, UDS, UES, UFS, UGS, UIs, UMS, UOS, UPCs, URS, US, UUS, UVs, Urs, V6s, V8s, VAC, VBS, VC, VCC, VCD, VCDs, VCF, VCI, VCM, VCO, VCP, VCT, VES, VFS, VGS, VHS, VMs, VPCs, VPS, VPs, VRS, VS, VSS, VVS, VWs, WATS, WAVs, WBS, WCC, WCF, WCG, WCHS, WCT, WCU, WDS, WGS, WHS, WMS, WNS, WPS, WSS, WVS, Wace, Wis, XC, XCD, XMS, XPS, XS, XSS, YAC, YBS, YC, YCG, YCL, YCO, YCW, YHS, ZAC, ZC, ZCC, ZCR, ZFS, Zac, Zs, Aah, Acct, Acmes, Acyl, Acyls, Adm, Ados, Ahas, Ahh, Ai, Ait, Aits, Akçe, Akçes, Alb, Amus, Ani, Anus, Ap, Arco, Arr, Ates, Atm, Auk, Aw, Awn, Aww, Azo, Açai, Açaí, Bads, Baps, Bc, Bis, Bys, Cc, Cc's, Ch, Cis, Ck, Cms, Cps, Ct, Cts, Dags, Dms, Dos, Eco, Fabs, Fac, Fags, Favs, Hags, Hahs, Hrs, iMacs, iOS, Ids, Ins, J's, Js, Kas, Kc, Kcf, Kcfs, L's, Laics, Lats, Lavs, Ls, mCi, macOS, Macks, Mads, Mas, Mcg, Mis, Mus, N's, Nos, Ns, Och, Ochs, Ozs, pHs, Paps, Pc, Pecs, Pes, Pgs, Pis, Pls, Pms, Raws, Res, Rocs, Ss, Taces, Tacts, Tads, Tass, Taws, Tis, Vars, Vis, Wack, Wacks, Xc, Xis, Yahs, Yays, Yrs, Z's, °C, Écu, Écus, Aba, Axa, XLS, A/c, Acc., Cx",Possible spelling mistake found.,
https://sheetal.net/Best-Packers-Movers.php,Surender,"Surrender, Su render",Possible spelling mistake found.,GPE
https://sheetal.net/Best-Packers-Movers.php,super market,supermarket,This is normally spelled as one word.,
https://sheetal.net/Best-Packers-Movers.php,a times,"a time, times",The plural noun “times” cannot be used with the article “a”. Did you mean “a time” or “times”?,
https://sheetal.net/Best-Packers-Movers.php,enquired,inquired,Possible spelling mistake. ‘enquired’ is British English.,
https://sheetal.net/Best-Packers-Movers.php,5 star,5-star,‘5 star’ is missing a hyphen.,CARDINAL
https://sheetal.net/Best-Packers-Movers.php,whole sale,wholesale,This word is normally spelled as one word.,
https://sheetal.net/Best-Packers-Movers.php,FatShe,"Fat She, FatS he",Possible spelling mistake found.,ORG
https://sheetal.net/Best-Packers-Movers.php,a businessmen,a businessman,The plural noun “businessmen” cannot be used with the article “a”. Did you mean “a businessman”?,
https://sheetal.net/Best-Packers-Movers.php,problem solving,problem-solving,This noun or verb “problem-solving” is spelled with a hyphen.,
https://sheetal.net/Best-Packers-Movers.php,Ambi,"Ami, Bambi, Ambit, ABI, AMI, Abi, Albi, MBI, Iambi, Am bi",Possible spelling mistake found.,PERSON
https://sheetal.net/Best-Packers-Movers.php,FatShe,"Fat She, FatS he",Possible spelling mistake found.,ORG
https://sheetal.net/Best-Packers-Movers.php,house hold,household,The word “household” is normally spelled as one word.,
https://sheetal.net/Best-Packers-Movers.php,.,.,Don’t put a space before the full stop.,
https://sheetal.net/Best-Packers-Movers.php,when,When,This sentence does not start with an uppercase letter.,
https://sheetal.net/Best-Packers-Movers.php,",",",","Put a space after the comma, but not before the comma.",
https://sheetal.net/Best-Packers-Movers.php,and,", and",Use a comma before ‘and’ if it connects two independent clauses (unless they are closely connected and short).,
https://sheetal.net/Best-Packers-Movers.php,Swamy,"Swamp, Swam, Swampy, Sway, Swami, Seamy",Possible spelling mistake found.,
https://sheetal.net/Best-Packers-Movers.php,Pillai,"Pillar, Pill ai",Possible spelling mistake found.,PERSON
https://sheetal.net/Best-Packers-Movers.php,whatsaap,WhatsApp,Possible spelling mistake found.,
https://sheetal.net/Best-Packers-Movers.php,khatri,"khaki, Kari, kauri, Shari, Chari, Katrin, katari",Possible spelling mistake found.,
https://sheetal.net/Best-Packers-Movers.php,Dwarka,"Dark, Dwarf, Dhaka, Dwarfs, DARPA, Dharma, Dara, Darla, Darya, Parka, Darks, Daria, Warta, Darky",Possible spelling mistake found.,
https://sheetal.net/Best-Packers-Movers.php,Dwarka,"Dark, Dwarf, Dhaka, Dwarfs, DARPA, Dharma, Dara, Darla, Darya, Parka, Darks, Daria, Warta, Darky",Possible spelling mistake found.,
https://sheetal.net/Best-Packers-Movers.php,dwarka,"dark, dwarf, Dhaka, dwarfs, DARPA, dharma, Dara, Darla, Darya, parka, darks, Daria, Warta, darky",Possible spelling mistake found.,
https://sheetal.net/Best-Packers-Movers.php,sector,sectors,Possible agreement error. The noun ‘sector’ seems to be countable.,
https://sheetal.net/Best-Packers-Movers.php,sector,sectors,Possible agreement error. The noun ‘sector’ seems to be countable.,
https://sheetal.net/Best-Packers-Movers.php,Mukul,"Mutual, Mural, Mogul, Mucus, Mosul, Maul, Mull, Musil, Mukluk, Juul, KUL, Mikal, Muk, Nuku, Mugful, Mutule, Miku",Possible spelling mistake found.,PERSON
https://sheetal.net/Best-Packers-Movers.php,Yadav,ADAV,Possible spelling mistake found.,
https://sheetal.net/Best-Packers-Movers.php,house hold,household,The word “household” is normally spelled as one word.,
https://sheetal.net/Best-Packers-Movers.php,15 th,15th,Did you mean “15th”?,CARDINAL
https://sheetal.net/Best-Packers-Movers.php,perfect,a perfect,Please check whether an article is missing.,
https://sheetal.net/Best-Packers-Movers.php,ACs,"AC's, AC, ACS, As, Act, Acts, Ads, PCs, Ace, ACM, Aces, Arcs, APS, CCS, FCS, ICS, MCs, OCS, RCS, TCS, Sacs, ACU, AGS, AHS, JCS, LCS, PACs, SCS, ABCs, ACD, ACG, ACH, VCS, Abs, Lacs, ACAS, Macs, AACS, AAS, AAs, ABS, ACA, ACB, ACC, ACE, ACF, ACI, ACJ, ACK, ACKs, ACL, ACLS, ACLs, ACMs, ACN, ACO, ACP, ACR, ACSC, ACST, ACT, ACTs, ACV, ACW, ACX, ACY, ACZ, ACh, ADS, AES, AFS, AGCS, AGs, AIS, AIs, AJS, AKS, ALCS, ALS, AMS, ANS, AOS, APs, AQS, AS, ASS, ATS, AUS, AVS, AVs, AWS, AXS, AYS, AZS, Ac, Acis, Aus, BCS, CAS, CCs, CS, Cs, DCS, ECS, FACS, FCs, GCS, GCs, HCS, HCs, MACS, MCS, NCS, PACS, PCS, UCS, VCs, WCS, Acc, Ack, Ais, Ans, Ass, Axs, Pcs, A Cs, A/cs, A, And, Is, Was, At, His, An, Any, Are, Has, All, Back, Age, Each, Its, Us, Yes, Air, Art, Days, Race, Also, Arms, Cars, Face, Fact, Fans, Gas, Lack, Mass, Pass, Races, Says, BC, CD, Los, Acid, Add, Ago, Aid, Am, Arm, Arts, Bass, Bus, Cm, Ice, Laws, Ways, AIDS, Jack, PC, Acres, Ad, Ages, Aims, Ask, Asks, Axis, Bars, Faces, Maps, Vs, Wars, AFC, CDs, FCC, Mac, Mrs, Acids, Acre, Adds, Airs, Aka, Arc, Arch, Ash, Backs, Bats, Caps, Cats, Ears, Facts, Lacks, Laps, Pace, Pack, Pays, Rats, Rays, Ups, CSS, GPS, Hans, ICT, LCD, MCC, Mars, NHS, PCI, SAS, Aft, Aids, Ants, Ate, Axes, Bags, Bays, Cans, Cf, Dams, Eats, Gaps, Hats, Labs, Las, Lays, Lbs, Packs, Pact, Pads, Rack, Sack, Sacks, Tags, ADC, ADP, AF, ANSI, AOL, APA, APC, APIs, ATC, ATM, ATV, Alps, Amos, Ana, BBS, Bach, CAA, CCC, CCD, CNS, CSA, CSI, CSU, CSX, CV, DNS, EPs, FRS, GC, GCSE, Gus, ICU, INS, IRS, JC, LPs, Laos, Mack, Oct, PAC, PCB, PCC, QC, RMS, RSS, RTS, SBS, SCSI, SDS, SMS, SOS, TCP, UCI, Ale, Amp, Ant, Ape, Apes, Apse, Apt, Aux, Awe, Bans, Eds, Fats, Gags, Gays, Hack, Icy, Jams, Jars, Jaws, Lace, Mats, Oaks, Pans, Pas, Racks, Sac, Sans, Sci, Vans, AAU, ACLU, ADR, ADSL, AEC, AEG, AIA, AIF, AIG, AMX, APG, ARCA, ARL, ARP, ASB, ASD, Abe, Ada, Adi, Ames, Ares, Asus, Aug, Ava, Axe, Ayr, CAC, CCA, CCI, CCP, CFS, CQ, CSC, CSF, CSL, CSP, CSR, CST, CTS, CVS, CX, Cass, DAC, DCC, DCI, DMS, DSS, DTS, ECG, FBS, GCB, GCC, GCE, Haas, Hays, IAS, ICL, ICP, IDs, ILS, IPS, KBS, LCC, Lars, MCG, MCP, MTS, Mach, Mays, NAC, NACA, NCA, NCO, NCR, NPCs, NPS, OAS, PCBs, PCM, PCP, PDS, PRS, RAC, RCD, RCN, RDS, SARS, SCC, Sachs, TAC, TCU, TFS, TLS, TVs, UCL, UCSD, UPS, VCR, VMS, WAC, WC, WCBS, WS, Waco, Zach, Zack, Acne, Ah, Alms, Amps, Ark, Avg, Cabs, Cams, Hacks, Jacks, Jays, Lads, Mace, Ms, Oars, Oats, Ops, Paces, Paws, Rags, Rams, Raps, Saws, Tabs, Tack, Taps, AAT, ABM, ACTH, AD, ADD, ADT, AEF, AFM, AFN, AGC, AIT, ALU, APD, APM, ARCO, ARF, ASN, ASSR, ATVs, AWACS, Alas, Ami, Apr, Ara, BCD, BDS, BMS, CAI, CCG, CCR, CFCs, CGS, CLS, CSD, CSG, CSO, CSV, CWS, DCE, DCL, DCM, DDS, ESS, FAC, FCA, FCI, GLS, HCA, HCC, HCl, HFS, HHS, HSS, IAC, IBS, ICJ, ICM, ICR, ICSE, IHS, IVs, JCB, JCR, LCA, LCI, LCL, LCR, LCT, Lacy, MBS, MCB, MCD, MCL, MDS, MMS, Maas, Macy, NBS, NCI, NFS, NLS, OCR, PMS, PNS, PSS, Paco, RCM, RCP, SACD, SLS, SRS, TCA, TCM, TCR, TSS, UAVs, UCA, UCAS, UCSB, UCSF, VCRs, Aches, Ales, Asp, Av, Ax, Aye, Cays, Dais, Fads, Hams, Jabs, Lac, Laces, Lags, Orcs, Pacts, Pals, Pars, Pts, Pus, Racy, Tact, Tics, Vats, Yams, ACTU, AGR, APB, APN, AQ, AUT, AZT, Avis, BRS, Babs, CCB, CCU, DCB, DCF, DLS, ECD, ERS, Emacs, FCB, FCE, FRCS, GCA, GDS, GMs, GRS, Hals, Hus, ICN, ICO, ICQ, IQs, JCC, JCI, JCL, JMS, KSS, LCM, LFS, LRS, LTS, MCE, MCF, MCO, MCR, MCT, MCU, MNS, PLCs, PVS, RCI, RFCs, RVs, SATs, SCU, TCAS, UCSC, WAIS, Ache, Aim, Auks, Cl, Dace, Dads, Fps, Ices, Lass, Maces, Mans, Mics, Pats, Secs, Tacks, Taco, Tacos, Yaks, ABMs, ACDA, AFO, Ade, Asch, Aves, CSH, DCD, DPs, DVS, FAQs, HDS, LGS, MNCs, RCH, SCCS, TCO, WAFS, Acme, Adj, Ado, Aga, Aha, Alp, Awl, Awls, Bps, Docs, Gals, Ifs, Mags, Naps, Nays, Pics, Sags, Saps, Sass, Sis, Tans, Tars, Wads, Wags, Zaps, AHQ, BKS, CACM, PMs, RAMs, TAWS, Acnes, Adv, Ail, Ails, Alls, Amu, App, Apps, Arks, Asst, Awns, Ayes, Dabs, Fas, Nags, Nus, Obs, Pct, Rads, Sos, Tams, Yaws, Acer, ODs, Aced, Achy, Agas, Albs, Asps, Baas, Cads, Caws, Daces, Ecu, Ecus, Ems, Haws, Maws, Nabs, Tats, Taus, Wans, Yaps, AAA, ABC, AMC, ATP, Abu, Ali, Amy, Ann, CBS, DJs, ECW, HMS, ICC, ICSH, LDS, MCA, MPs, OKs, PS, USS, Assn, Ave, Awes, Haps, Jct, Marcs, Ohs, Sics, Hts, Bahs, Fays, Gabs, Gads, Jags, Lams, Oafs, Talcs, 'S, 3Ds, A&A, A&D, A&M, A&P, A1, A10, A11, A12, A13, A14, A15, A16, A17, A18, A19, A2, A20, A21, A22, A23, A24, A25, A26, A27, A28, A29, A3, A30, A31, A32, A33, A34, A35, A36, A37, A38, A39, A4, A40, A41, A42, A43, A44, A45, A46, A47, A48, A49, A5, A50, A51, A52, A53, A54, A55, A56, A57, A58, A59, A60, A61, A62, A63, A64, A65, A66, A67, A68, A69, A70, A71, A72, A73, A74, A75, A76, A77, A78, A79, A80, A81, A82, A83, A84, A85, A86, A87, A88, A89, A90, A91, A92, A93, A94, A95, A96, A97, A98, A99, AA, AAAS, AAB, AAC, AACCS, AACL, AAD, AAE, AAF, AAG, AAH, AAI, AAJ, AAK, AAL, AAM, AAN, AAO, AAP, AAQ, AAR, AAV, AAW, AAX, AAY, AAZ, AB, ABA, ABB, ABD, ABDs, ABES, ABF, ABG, ABH, ABI, ABIS, ABJ, ABK, ABL, ABLS, ABN, ABO, ABP, ABQ, ABR, ABSA, ABT, ABU, ABV, ABW, ABX, ABZ, ACAA, ACAE, ACAT, ACCD, ACCM, ACDC, ACDI, ACFA, ACFAS, ACJE, ACLJ, ACMA, ACMC, ACNA, ACOG, ACOM, ACPI, ACRI, ACTA, ACTE, ACTP, ACVA, ACWA, ADA, ADB, ADBS, ADF, ADG, ADH, ADI, ADJ, ADK, ADL, ADLs, ADN, ADPS, ADQ, ADRs, ADSI, ADU, ADV, ADX, ADY, ADZ, AE, AEA, AEB, AED, AEE, AEI, AEJ, AEK, AEL, AEM, AEN, AEO, AEP, AEQ, AER, AESA, AEST, AESV, AET, AEU, AEV, AEW, AEX, AEZ, AFA, AFB, AFCA, AFCE, AFD, AFE, AFF, AFG, AFH, AFI, AFIS, AFJ, AFK, AFL, AFP, AFPS, AFQ, AFR, AFT, AFU, AFV, AFW, AFX, AFZ, AG, AGA, AGAs, AGB, AGCA, AGCT, AGD, AGE, AGF, AGG, AGH, AGI, AGJ, AGK, AGL, AGM, AGN, AGO, AGP, AGQ, AGT, AGU, AGV, AGW, AGX, AGY, AGZ, AH, AHA, AHB, AHC, AHCI, AHD, AHE, AHF, AHG, AHH, AHI, AHJ, AHK, AHL, AHM, AHN, AHO, AHR, AHSA, AHSI, AHT, AHU, AHV, AHW, AHX, AHY, AHZ, AI, AIB, AIBS, AIC, AICD, AID, AIE, AIH, AII, AIJ, AIK, AIM, AIO, AIP, AIQ, AISB, AISI, AIU, AIV, AIW, AIWS, AIX, AIY, AIZ, AJ, AJB, AJC, AJF, AJG, AJH, AJI, AJJ, AJK, AJL, AJN, AJO, AJP, AJQ, AJR, AJT, AJU, AJV, AJW, AJY, AK, AKB, AKC, AKD, AKE, AKF, AKG, AKJ, AKK, AKL, AKM, AKN, AKO, AKP, AKQ, AKR, AKT, AKU, AKV, AKX, AKY, AL, ALB, ALC, ALCM, ALD, ALE, ALF, ALG, ALH, ALJ, ALK, ALL, ALM, ALN, ALO, ALP, ALQ, ALR, ALT, ALUs, ALV, ALW, ALX, ALZ, AM, AMA, AMCAS, AMCB, AMCOS, AMD, AME, AMF, AMG, AMH, AMI, AMIS, AMJ, AMK, AML, AMLS, AMM, AMN, AMO, AMP, AMQ, AMR, AMSB, AMSL, AMSO, AMST, AMSW, AMT, AMU, AMV, AMW, AMY, AMZ, AN, ANB, ANC, AND, ANDs, ANE, ANF, ANG, ANH, ANI, ANJ, ANK, ANL, ANM, ANN, ANO, ANP, ANPS, ANQ, ANR, ANSM, ANT, ANTS, ANV, ANW, ANX, ANY, ANZ, AO, AOA, AOB, AOC, AOD, AOE, AOF, AOG, AOH, AOI, AOJ, AOK, AOM, AON, AOO, AOP, AOQ, AOR, AOSP, AOT, AOU, AOV, AOW, AOX, AP, APE, APF, APFS, APH, API, APJ, APK, APKs, APL, APNs, APO, APP, APQ, APR, APRS, APSA, APT, APU, APV, APW, APX, APY, APZ, AQA, AQB, AQC, AQF, AQG, AQH, AQI, AQK, AQL, AQM, AQP, AQR, AQT, AQY, AR, ARA, ARB, ARC, ARD, ARDS, ARE, ARH, ARI, ARJ, ARK, ARM, ARN, AROS, ARQ, ARR, ARSC, ARSI, ART, ARTS, ARU, ARV, ARW, ARX, ARY, ASA, ASC, ASE, ASF, ASG, ASGS, ASH, ASICS, ASICs, ASJ, ASK, ASL, ASM, ASOS, ASP, ASQ, ASR, ASSC, ASSE, AST, ASU, ASUS, ASV, ASW, ASX, ASY, ASZ, AT, AT3, ATA, ATB, ATD, ATE, ATF, ATG, ATH, ATI, ATK, ATL, ATMs, ATN, ATO, ATQ, ATR, ATT, ATU, ATW, ATX, ATY, ATZ, AU, AUA, AUC, AUD, AUE, AUF, AUG, AUI, AUJ, AUL, AUM, AUN, AUO, AUP, AUQ, AUR, AUU, AUW, AUX, AUY, AUZ, AV, AVA, AVB, AVC, AVE, AVF, AVG, AVH, AVI, AVK, AVL, AVM, AVN, AVO, AVP, AVR, AVSF, AVU, AVUS, AVV, AVW, AVX, AVY, AVZ, AW, AWA, AWB, AWC, AWD, AWE, AWF, AWG, AWK, AWM, AWN, AWP, AWR, AWST, AWU, AWZ, AX, AXA, AXB, AXC, AXD, AXG, AXK, AXL, AXM, AXN, AXP, AXR, AXV, AXX, AYA, AYC, AYD, AYE, AYG, AYH, AYI, AYJ, AYL, AYN, AYO, AYP, AYQ, AYR, AYU, AYY, AYZ, AZ, AZA, AZB, AZD, AZE, AZF, AZI, AZN, AZO, AZW, AZZ, Ab, Abi, Acol, Adas, Ag, Ahl, Ain, Al, Ald, Alt, Amis, Anas, Anu, Aon, Apis, Apo, Apus, Ar, Aras, Ard, Arp, Asa, Atos, Au, Aust, BAC, BACO, BAES, BAS, BCA, BCB, BCBS, BCC, BCE, BCF, BCG, BCH, BCI, BCJ, BCK, BCL, BCM, BCN, BCO, BCP, BCR, BCST, BCT, BCU, BCV, BCX, BCY, BCZ, BECS, BES, BFS, BFs, BGS, BHS, BICs, BIS, BJS, BJs, BLS, BNS, BOS, BPS, BRCS, BS, BSS, BTS, BVS, BWS, BXS, BYS, BZS, Bes, Bs, C, C3, CA, CAB, CACES, CAD, CAE, CAES, CAF, CAG, CAH, CAJ, CAK, CAL, CAM, CAN, CAP, CAQ, CASA, CASE, CASM, CAT, CATS, CAU, CAV, CAW, CAY, CB, CC, CC's, CCAS, CCDs, CCE, CCF, CCH, CCJ, CCK, CCL, CCM, CCN, CCO, CCQ, CCSD, CCSM, CCSP, CCSS, CCT, CCV, CCW, CCX, CCZ, CDS, CE, CES, CF, CG, CHS, CI, CICS, CIS, CJ, CJS, CK, CKS, CKs, CL, CM, CMS, CN, CO, CP, CPS, CQS, CR, CRS, CSE, CSM, CT, CTs, CVs, CW, CY, CZ, CZS, Ca, Cacus, Cb, Cd, Ce, Ci, Co, Cos, Cr, Cu, DACA, DACH, DAUs, DBCS, DBS, DC, DCA, DCK, DCN, DCO, DCP, DCR, DCT, DCU, DECs, DES, DFS, DGS, DHS, DJS, DMs, DOS, DPS, DRS, DS, DUS, Dans, Des, Dis, Ds, EAC, EACSO, EADS, EAS, EBS, EC, EC1, EC4, ECA, ECB, ECC, ECDs, ECE, ECI, ECJ, ECL, ECM, ECN, ECO, ECP, ECR, ECSC, ECT, ECTS, ECTs, ECU, EDS, EFS, EGS, EHS, EIS, ELS, EMCS, ENS, EOS, EPS, EQS, EQs, ES, ETS, EUS, EVS, EVs, EWS, EXS, EZS, Eck, Eos, Es, FACA, FACTS, FAS, FATs, FC, FCD, FCG, FCL, FCM, FCO, FCP, FCR, FCSM, FCU, FCW, FDS, FES, FFS, FHS, FIS, FLS, FMCS, FMS, FMs, FNCS, FNS, FOCs, FOS, FPS, FPs, FS, FSS, GAC, GACC, GAS, GBS, GCD, GCF, GCG, GCI, GCM, GCP, GCR, GCT, GCTs, GCU, GES, GFS, GGS, GHS, GIS, GIs, GMS, GNS, GS, GTS, Gans, Gs, H&S, HAC, HBS, HC, HCB, HCF, HCG, HCI, HCL, HCM, HCT, HES, HJS, HLS, HNS, HPS, HS, HTS, HVACs, HWs, Hos, Hs, I&S, IC, ICA, ICB, ICD, ICE, ICEs, ICF, ICH, ICI, ICTs, ICUs, IDS, IES, IFS, IGS, IIS, IMS, IMs, IOS, IPs, IS, ISS, ITS, IaaS, JAC, JBS, JCA, JCD, JCE, JCP, JHS, JLS, JS, JSCs, JWS, Japs, Jas, Jats, Jos, KC, KCB, KCC, KCL, KCSI, KCl, KDS, KES, KHS, KKS, KMS, KOS, KS, KTS, KWS, LABS, LACA, LACP, LACW, LC, LC9, LCF, LCH, LCN, LCP, LCSW, LCY, LDCs, LES, LHS, LLCs, LMS, LPS, LS, LSS, LVS, Lach, Lais, Les, MALS, MARS, MAS, MATS, MAUs, MAWS, MBCS, MC, MCAS, MCH, MCI, MCJ, MCK, MCM, MCPS, MCQ, MCQs, MCTS, MCX, MCZ, MDs, MES, MFS, MGS, MIS, MKS, MLS, MOS, MPS, MRS, MS, MSS, MUS, MWS, Macc, Machs, Mc, NACC, NACE, NADS, NAKs, NAS, NASS, NC, NCB, NCC, NCD, NCE, NCIS, NCL, NCM, NCP, NCQ, NCT, NCW, NCY, NDS, NGS, NOS, NRS, NS, NSS, NTS, NUS, NYS, OACI, OBS, OC, OCB, OCC, OCD, OCG, OCI, OCK, OCL, OCN, OCO, OCP, OCV, OCX, ODS, OFS, OGs, OICS, OMS, ONS, OPS, ORS, OS, OSS, OVS, OWS, Os, PAAs, PACA, PACES, PAES, PAPS, PARCs, PAS, PAs, PBS, PCA, PCD, PCE, PCF, PCG, PCIs, PCL, PCN, PCR, PCSI, PCT, PCU, PCUS, PCV, PES, PFS, PGS, PHS, PIS, PKCS, PKS, PLS, POCs, POS, PPS, PRs, PUS, PaaS, PoCs, QBs, QCM, RAMS, RAS, RBS, RC, RC5, RCA, RCB, RCC, RCF, RCK, RCR, RCW, RES, RFS, RGS, RHS, RIS, RLS, RNS, ROS, RPS, RRS, RS, RSCS, RTs, Rs, Rus, S, SAC, SADs, SALS, SAVS, SC, SC2, SCA, SCB, SCD, SCI, SCJ, SCL, SCM, SCN, SCO, SCP, SCR, SCRS, SCSS, SCV, SES, SFS, SGS, SHS, SIS, SNS, SOCS, SPACs, SPS, SQS, SS, SSS, STS, SUS, SaaS, Saks, Sc, SoCs, T&Cs, T&S, TAS, TASS, TBS, TC, TCC, TCD, TCF, TCG, TCH, TCHS, TCI, TCK, TCL, TCN, TCV, TCW, TDS, TECS, TES, TGS, THS, TIS, TJS, TKS, TMS, TNS, TOS, TPS, TQS, TRS, TS, TTS, TTs, TVS, TWS, TZS, Tais, Taos, Tc, ToS, UAC, UACP, UAS, UATs, UBS, UC, UCB, UCC, UCD, UCF, UCM, UCP, UCR, UCSA, UCT, UCU, UDS, UES, UFS, UGS, UIs, UMS, UOS, UPCs, URS, US, UUS, UVs, Urs, V6s, V8s, VAC, VBS, VC, VCC, VCD, VCDs, VCF, VCI, VCM, VCO, VCP, VCT, VES, VFS, VGS, VHS, VMs, VPCs, VPS, VPs, VRS, VS, VSS, VVS, VWs, WATS, WAVs, WBS, WCC, WCF, WCG, WCHS, WCT, WCU, WDS, WGS, WHS, WMS, WNS, WPS, WSS, WVS, Wace, Wis, XC, XCD, XMS, XPS, XS, XSS, YAC, YBS, YC, YCG, YCL, YCO, YCW, YHS, ZAC, ZC, ZCC, ZCR, ZFS, Zac, Zs, Aah, Acct, Acmes, Acyl, Acyls, Adm, Ados, Ahas, Ahh, Ai, Ait, Aits, Akçe, Akçes, Alb, Amus, Ani, Anus, Ap, Arco, Arr, Ates, Atm, Auk, Aw, Awn, Aww, Azo, Açai, Açaí, Bads, Baps, Bc, Bis, Bys, Cc, Cc's, Ch, Cis, Ck, Cms, Cps, Ct, Cts, Dags, Dms, Dos, Eco, Fabs, Fac, Fags, Favs, Hags, Hahs, Hrs, iMacs, iOS, Ids, Ins, J's, Js, Kas, Kc, Kcf, Kcfs, L's, Laics, Lats, Lavs, Ls, mCi, macOS, Macks, Mads, Mas, Mcg, Mis, Mus, N's, Nos, Ns, Och, Ochs, Ozs, pHs, Paps, Pc, Pecs, Pes, Pgs, Pis, Pls, Pms, Raws, Res, Rocs, Ss, Taces, Tacts, Tads, Tass, Taws, Tis, Vars, Vis, Wack, Wacks, Xc, Xis, Yahs, Yays, Yrs, Z's, °C, Écu, Écus, Aba, Axa, XLS, A/c, Acc., Cx",Possible spelling mistake found.,
https://sheetal.net/Best-Packers-Movers.php,exceptionally good,"perfect, excellent, superb, wonderful, fantastic",Consider using an extreme adjective for ‘good’.,
https://sheetal.net/Best-Packers-Movers.php,FatShe,"Fat She, FatS he",Possible spelling mistake found.,ORG
https://sheetal.net/Best-Packers-Movers.php,",",",","Put a space after the comma, but not before the comma.",
https://sheetal.net/Best-Packers-Movers.php,",",",","Put a space after the comma, but not before the comma.",
https://sheetal.net/Best-Packers-Movers.php,2 nd,2nd,Did you mean “2nd”?,CARDINAL
https://sheetal.net/Best-Packers-Movers.php,Kapil,"Kail, Kamil",Possible spelling mistake found.,ORG
https://sheetal.net/Best-Packers-Movers.php,Vihar,"Vicar, Bihar, Vidar",Possible spelling mistake found.,ORG
https://sheetal.net/advertise-with-us.php,Fatshe,"Fat she, Fats he",Possible spelling mistake found.,
https://sheetal.net/advertise-with-us.php,SKYWING,"SKEWING, SKYING, SKYPING",Possible spelling mistake found.,
https://sheetal.net/advertise-with-us.php,FatShe,"Fat She, FatS he",Possible spelling mistake found.,ORG
https://sheetal.net/advertise-with-us.php,.,.,Don’t put a space before the full stop.,
https://sheetal.net/advertise-with-us.php,various custom plan,various custom plans,Possible agreement error. The noun ‘plan’ seems to be countable; consider using: “various custom plans”.,
https://sheetal.net/advertise-with-us.php,FatShe,"Fat She, FatS he",Possible spelling mistake found.,ORG
https://sheetal.net/advertise-with-us.php,",",",","Put a space after the comma, but not before the comma.",
https://sheetal.net/advertise-with-us.php,",",",","Put a space after the comma, but not before the comma.",
https://sheetal.net/advertise-with-us.php,2 nd,2nd,Did you mean “2nd”?,CARDINAL
https://sheetal.net/advertise-with-us.php,Kapil,"Kail, Kamil",Possible spelling mistake found.,ORG
https://sheetal.net/advertise-with-us.php,Vihar,"Vicar, Bihar, Vidar",Possible spelling mistake found.,ORG
https://sheetal.net/packers-movers.php,SKYWING,"SKEWING, SKYING, SKYPING",Possible spelling mistake found.,
https://sheetal.net/packers-movers.php,, ,Possible typo: you repeated a whitespace,
https://sheetal.net/packers-movers.php,good in handling,good at handling,The usual preposition for this expression is “at”.,
https://sheetal.net/packers-movers.php,but,", but",Use a comma before ‘but’ if it connects two independent clauses (unless they are closely connected and short).,
https://sheetal.net/packers-movers.php,We,"Furthermore, we, Likewise, we, Not only that, but we",Three successive sentences begin with the same word. Consider rewording the sentence or use a thesaurus to find a synonym.,
https://sheetal.net/packers-movers.php,I,"Furthermore, I, Likewise, I, Not only that, but I",Three successive sentences begin with the same word. Consider rewording the sentence or use a thesaurus to find a synonym.,
https://sheetal.net/packers-movers.php,but,", but",Use a comma before ‘but’ if it connects two independent clauses (unless they are closely connected and short).,
https://sheetal.net/packers-movers.php,but,", but",Use a comma before ‘but’ if it connects two independent clauses (unless they are closely connected and short).,
https://sheetal.net/packers-movers.php,but,", but",Use a comma before ‘but’ if it connects two independent clauses (unless they are closely connected and short).,
https://sheetal.net/packers-movers.php,and,", and",Use a comma before ‘and’ if it connects two independent clauses (unless they are closely connected and short).,
https://sheetal.net/packers-movers.php,but,", but",Use a comma before ‘but’ if it connects two independent clauses (unless they are closely connected and short).,
https://sheetal.net/packers-movers.php,Noida,NIDA,Possible spelling mistake found.,
https://sheetal.net/packers-movers.php,I,"Furthermore, I, Likewise, I, Not only that, but I",Three successive sentences begin with the same word. Consider rewording the sentence or use a thesaurus to find a synonym.,
https://sheetal.net/packers-movers.php,and,", and",Use a comma before ‘and’ if it connects two independent clauses (unless they are closely connected and short).,
https://sheetal.net/packers-movers.php,but,", but",Use a comma before ‘but’ if it connects two independent clauses (unless they are closely connected and short).,
https://sheetal.net/packers-movers.php,but,", but",Use a comma before ‘but’ if it connects two independent clauses (unless they are closely connected and short).,
https://sheetal.net/packers-movers.php,multitalented,No suggestion,Possible spelling mistake found.,
https://sheetal.net/packers-movers.php,",",",","Put a space after the comma, but not before the comma.",
https://sheetal.net/packers-movers.php,",",",","Put a space after the comma, but not before the comma.",
https://sheetal.net/packers-movers.php,2 nd,2nd,Did you mean “2nd”?,CARDINAL
https://sheetal.net/packers-movers.php,Kapil,"Kail, Kamil",Possible spelling mistake found.,ORG
https://sheetal.net/packers-movers.php,Vihar,"Vicar, Bihar, Vidar",Possible spelling mistake found.,ORG
https://www.skywingcargopackers.in/packer-movers-hyderabad.php,Whatsapp,WhatsApp,Possible spelling mistake found.,
https://www.skywingcargopackers.in/packer-movers-hyderabad.php,",",",","Put a space after the comma, but not before the comma.",
https://www.skywingcargopackers.in/packer-movers-hyderabad.php,Whatsapp,WhatsApp,Possible spelling mistake found.,
https://www.skywingcargopackers.in/packer-movers-hyderabad.php,Whatsapp,WhatsApp,Possible spelling mistake found.,
https://www.skywingcargopackers.in/packer-movers-hyderabad.php,ENQUIRY,Inquiry,Possible spelling mistake. ‘ENQUIRY’ is British English.,ORG
https://www.skywingcargopackers.in/packer-movers-hyderabad.php,ENQUIRY,Inquiry,Possible spelling mistake. ‘ENQUIRY’ is British English.,ORG
https://www.skywingcargopackers.in/packer-movers-hyderabad.php,"FOR ENQUIRY
FOR ENQUIRY",FOR ENQUIRY,This phrase is duplicated. You should probably use “FOR ENQUIRY” only once.,ORG
https://www.skywingcargopackers.in/packer-movers-hyderabad.php,Skywing,"Skewing, Skying, Skyping, Sky wing",Possible spelling mistake found.,
https://www.skywingcargopackers.in/packer-movers-hyderabad.php,and,", and",Use a comma before ‘and’ if it connects two independent clauses (unless they are closely connected and short).,
https://www.skywingcargopackers.in/packer-movers-hyderabad.php,Skywing,"Skewing, Skying, Skyping, Sky wing",Possible spelling mistake found.,
https://www.skywingcargopackers.in/packer-movers-hyderabad.php,, ,Possible typo: you repeated a whitespace,
https://www.skywingcargopackers.in/packer-movers-hyderabad.php,us,"us,",Consider adding a comma here to clarify the structure of the sentence.,
https://www.skywingcargopackers.in/packer-movers-hyderabad.php,",",",","Put a space after the comma, but not before the comma.",
https://www.skywingcargopackers.in/packer-movers-hyderabad.php,",patience",", patience",Put a space after the comma.,
https://www.skywingcargopackers.in/packer-movers-hyderabad.php,and,", and",Use a comma before ‘and’ if it connects two independent clauses (unless they are closely connected and short).,
https://www.skywingcargopackers.in/packer-movers-hyderabad.php,home town,hometown,The word “hometown” is normally spelled as one word.,
https://www.skywingcargopackers.in/packer-movers-hyderabad.php,, ,It seems like there are too many consecutive spaces here.,
https://www.skywingcargopackers.in/packer-movers-hyderabad.php,, ,It seems like there are too many consecutive spaces here.,
https://www.skywingcargopackers.in/packer-movers-hyderabad.php,, ,It seems like there are too many consecutive spaces here.,
https://www.skywingcargopackers.in/packer-movers-hyderabad.php,utmost best,"perfect, excellent, superb, wonderful, fantastic",Consider using an extreme adjective for ‘good’.,
https://www.skywingcargopackers.in/packer-movers-hyderabad.php,, ,It seems like there are too many consecutive spaces here.,
https://www.skywingcargopackers.in/packer-movers-hyderabad.php,movers,"movers', mover's",An apostrophe may be missing.,
https://www.skywingcargopackers.in/packer-movers-hyderabad.php,and,", and",Use a comma before “and” if it connects two independent clauses (unless they are closely connected and short).,
https://www.skywingcargopackers.in/packer-movers-hyderabad.php,Also,"Also,",A comma may be missing after the conjunctive/linking adverb ‘Also’.,
https://www.skywingcargopackers.in/packer-movers-hyderabad.php,skywing,"skewing, skying, skyping, sky wing",Possible spelling mistake found.,
https://www.skywingcargopackers.in/packer-movers-hyderabad.php,, ,It seems like there are too many consecutive spaces here.,
https://www.skywingcargopackers.in/packer-movers-hyderabad.php,DOOR TO DOOR,DOOR-TO-DOOR,It appears that two hyphens are missing.,ORG
https://www.skywingcargopackers.in/packer-movers-hyderabad.php,, ,It seems like there are too many consecutive spaces here.,
https://www.skywingcargopackers.in/packer-movers-hyderabad.php,, ,It seems like there are too many consecutive spaces here.,
https://www.skywingcargopackers.in/packer-movers-hyderabad.php,",",", ","Put a space after the comma, but not before the comma.",
https://www.skywingcargopackers.in/packer-movers-hyderabad.php,.,.,Don’t put a space before the full stop.,
https://www.skywingcargopackers.in/packer-movers-hyderabad.php,Thank you,"Thank you,","When a person is directly addressed, a comma should set off the name.",
https://www.skywingcargopackers.in/packer-movers-hyderabad.php,Skywing,"Skewing, Skying, Skyping, Sky wing",Possible spelling mistake found.,
https://www.skywingcargopackers.in/packer-movers-hyderabad.php,, ,It seems like there are too many consecutive spaces here.,
https://www.skywingcargopackers.in/packer-movers-hyderabad.php,.,.,Don’t put a space before the full stop.,
https://www.skywingcargopackers.in/packer-movers-hyderabad.php,it's,its,Did you mean “its” (possessive pronoun) instead of ‘it’s’ (short for ‘it is’)?,
https://www.skywingcargopackers.in/packer-movers-hyderabad.php,.,.,Don’t put a space before the full stop.,
https://www.skywingcargopackers.in/packer-movers-hyderabad.php,.,.,Don’t put a space before the full stop.,
https://www.skywingcargopackers.in/packer-movers-hyderabad.php,Skywing,"Skewing, Skying, Skyping, Sky wing",Possible spelling mistake found.,
https://www.skywingcargopackers.in/packer-movers-hyderabad.php,commonization,communization,Possible spelling mistake found.,
https://www.skywingcargopackers.in/packer-movers-hyderabad.php,martials,"martial, Martial, Martians, partials",Possible spelling mistake found.,
https://www.skywingcargopackers.in/packer-movers-hyderabad.php,cargo best,cargo the best,A determiner may be missing.,
https://www.skywingcargopackers.in/packer-movers-hyderabad.php,has,"have, had","With the plural noun ‘movers’, the verb inflection ‘has’ is not correct.",
https://www.skywingcargopackers.in/packer-movers-hyderabad.php,skywing,"skewing, skying, skyping, sky wing",Possible spelling mistake found.,
https://www.skywingcargopackers.in/packer-movers-hyderabad.php,Skywing,"Skewing, Skying, Skyping, Sky wing",Possible spelling mistake found.,
https://www.skywingcargopackers.in/packer-movers-hyderabad.php,",",",","Put a space after the comma, but not before the comma.",
https://www.skywingcargopackers.in/packer-movers-hyderabad.php,Skywing,"Skewing, Skying, Skyping, Sky wing",Possible spelling mistake found.,
https://www.skywingcargopackers.in/packer-movers-hyderabad.php,.,.,Don’t put a space before the full stop.,
https://www.skywingcargopackers.in/packer-movers-hyderabad.php,Skywing,"Skewing, Skying, Skyping, Sky wing",Possible spelling mistake found.,
https://www.skywingcargopackers.in/packer-movers-hyderabad.php,.,.,Don’t put a space before the full stop.,
https://www.skywingcargopackers.in/packer-movers-hyderabad.php,Skywing,"Skewing, Skying, Skyping, Sky wing",Possible spelling mistake found.,
https://www.skywingcargopackers.in/packer-movers-hyderabad.php,Skywing,"Skewing, Skying, Skyping, Sky wing",Possible spelling mistake found.,
https://www.skywingcargopackers.in/packer-movers-hyderabad.php,skywing,"skewing, skying, skyping, sky wing",Possible spelling mistake found.,
https://www.skywingcargopackers.in/packer-movers-hyderabad.php,inside of,inside,This phrase is redundant. Consider using “inside”.,
https://www.skywingcargopackers.in/packer-movers-hyderabad.php,First of all,"First, Firstly, Foremost","Often, this adverbial phrase is redundant. Consider using an alternative.",ORDINAL
https://www.skywingcargopackers.in/packer-movers-hyderabad.php,or,", or",Use a comma before ‘or’ if it connects two independent clauses (unless they are closely connected and short).,
https://www.skywingcargopackers.in/packer-movers-hyderabad.php,affects,affect,Possible subject-verb agreement error detected.,
https://www.skywingcargopackers.in/packer-movers-hyderabad.php,an,a,"Use “a” instead of ‘an’ if the following word doesn’t start with a vowel sound, e.g. ‘a sentence’, ‘a university’.",
https://www.skywingcargopackers.in/packer-movers-hyderabad.php,furnitures,furniture,Possible spelling mistake found.,
https://www.skywingcargopackers.in/packer-movers-hyderabad.php,or,", or",Use a comma before ‘or’ if it connects two independent clauses (unless they are closely connected and short).,
https://www.skywingcargopackers.in/packer-movers-hyderabad.php,their,there,Did you mean “there”?,
https://www.skywingcargopackers.in/packer-movers-hyderabad.php,and,", and",Use a comma before ‘and’ if it connects two independent clauses (unless they are closely connected and short).,
https://www.skywingcargopackers.in/packer-movers-hyderabad.php,required,require,The modal verb ‘might’ requires the verb’s base form.,
https://www.skywingcargopackers.in/packer-movers-hyderabad.php,or,", or",Use a comma before ‘or’ if it connects two independent clauses (unless they are closely connected and short).,
https://www.skywingcargopackers.in/packer-movers-hyderabad.php,or,", or",Use a comma before ‘or’ if it connects two independent clauses (unless they are closely connected and short).,
https://www.skywingcargopackers.in/packer-movers-hyderabad.php,Skywing,"Skewing, Skying, Skyping, Sky wing",Possible spelling mistake found.,
https://www.skywingcargopackers.in/packer-movers-hyderabad.php,Skywing,"Skewing, Skying, Skyping, Sky wing",Possible spelling mistake found.,
https://www.skywingcargopackers.in/packer-movers-hyderabad.php,Skywing,"Skewing, Skying, Skyping, Sky wing",Possible spelling mistake found.,
https://www.skywingcargopackers.in/packer-movers-hyderabad.php,Skywing,"Skewing, Skying, Skyping, Sky wing",Possible spelling mistake found.,
https://www.skywingcargopackers.in/packer-movers-hyderabad.php,wont,"won't, won’t","Please make sure you mean ‘wont’ (a habit), not “won't”/“won’t” (short for ‘will not’)?",
https://www.skywingcargopackers.in/packer-movers-hyderabad.php,Skywing,"Skewing, Skying, Skyping, Sky wing",Possible spelling mistake found.,
https://www.skywingcargopackers.in/packer-movers-hyderabad.php,Skywing,"Skewing, Skying, Skyping, Sky wing",Possible spelling mistake found.,
https://www.skywingcargopackers.in/packer-movers-hyderabad.php,youre,you're,Possible spelling mistake found.,
https://www.skywingcargopackers.in/packer-movers-hyderabad.php,Skywing,"Skewing, Skying, Skyping, Sky wing",Possible spelling mistake found.,
https://www.skywingcargopackers.in/packer-movers-hyderabad.php,Skywing,"Skewing, Skying, Skyping, Sky wing",Possible spelling mistake found.,
https://www.skywingcargopackers.in/packer-movers-hyderabad.php,"home 
											owners",homeowners,This noun normally spelled as one word.,
https://www.skywingcargopackers.in/packer-movers-hyderabad.php,Skywing,"Skewing, Skying, Skyping, Sky wing",Possible spelling mistake found.,
https://www.skywingcargopackers.in/packer-movers-hyderabad.php,Skywing,"Skewing, Skying, Skyping, Sky wing",Possible spelling mistake found.,
https://www.skywingcargopackers.in/packer-movers-hyderabad.php,Skywing,"Skewing, Skying, Skyping, Sky wing",Possible spelling mistake found.,
https://www.skywingcargopackers.in/packer-movers-hyderabad.php,speciality,specialty,Possible spelling mistake. ‘speciality’ is British English.,
https://www.skywingcargopackers.in/packer-movers-hyderabad.php,Skywing,"Skewing, Skying, Skyping, Sky wing",Possible spelling mistake found.,
https://www.skywingcargopackers.in/packer-movers-hyderabad.php,Skywing,"Skewing, Skying, Skyping, Sky wing",Possible spelling mistake found.,
https://www.skywingcargopackers.in/packer-movers-hyderabad.php,dont,don't,Possible spelling mistake found.,
https://www.skywingcargopackers.in/packer-movers-hyderabad.php,Skywing,"Skewing, Skying, Skyping, Sky wing",Possible spelling mistake found.,
https://www.skywingcargopackers.in/packer-movers-hyderabad.php,dont,don't,Possible spelling mistake found.,
https://www.skywingcargopackers.in/packer-movers-hyderabad.php,Skywing,"Skewing, Skying, Skyping, Sky wing",Possible spelling mistake found.,
https://www.skywingcargopackers.in/packer-movers-hyderabad.php,—,–,"If you want to indicate numerical ranges or time ranges, consider using an en dash.",
https://sheetal.net/contactus.php,Fatshe,"Fat she, Fats he",Possible spelling mistake found.,
https://sheetal.net/contactus.php,SKYWING,"SKEWING, SKYING, SKYPING",Possible spelling mistake found.,
https://sheetal.net/contactus.php,FatShe,"Fat She, FatS he",Possible spelling mistake found.,ORG
https://sheetal.net/contactus.php,",",",","Put a space after the comma, but not before the comma.",
https://sheetal.net/contactus.php,",",",","Put a space after the comma, but not before the comma.",
https://sheetal.net/contactus.php,2 nd,2nd,Did you mean “2nd”?,CARDINAL
https://sheetal.net/contactus.php,Kapil,"Kail, Kamil",Possible spelling mistake found.,ORG
https://sheetal.net/contactus.php,Vihar,"Vicar, Bihar, Vidar",Possible spelling mistake found.,ORG
